{"cameraMode":{"drawMode":0,"name":"Shaded","section":"Shading Mode"},"sceneLighting":true,"audioPlay":false,"sceneViewState":{"m_AlwaysRefresh":true,"showFog":true,"showSkybox":true,"showFlares":true,"showImageEffects":true,"showParticleSystems":true,"showVisualEffectGraphs":true,"m_FxEnabled":true},"in2DMode":false,"pivot":{"x":210.41729736328126,"y":20.39663314819336,"z":-122.23786926269531},"rotation":{"x":-0.04664914309978485,"y":0.7983068227767944,"z":0.06229480355978012,"w":0.5972236394882202},"size":8.442030906677246,"orthographic":false}